{
    "accuracy": 0.7505330490405118,
    "precision": 0.5214953271028038,
    "recall": 0.7459893048128342,
    "f1_score": 0.6138613861386139,
    "roc_auc": 0.8281069622251788,
    "avg_precision": 0.6331219435589819
}